Workbook

Sheet ROSTER
A1: student_id | B1: Alumno | C1: Equipo | D1: Activo
A2: S01 | B2: Juan Pérez | C2: AZ | D2: TRUE
A3: S02 | B3: Ana López | C3: VE | D3: TRUE
A4: S03 | B4: Carlos Ruiz | C4: RO | D4: TRUE
A5: S04 | B5: Lucía Gómez | C5: AM | D5: TRUE

Sheet TEAMS
A1: team_id | B1: Nombre | C1: Color | D1: Imagen_URL
A2: AZ | B2: Azul | C2: #1e3a8a
A3: VE | B3: Verde | C3: #16a34a
A4: RO | B4: Rojo | C4: #b91c1c
A5: AM | B5: Amarillo | C5: #eab308

Sheet CATEGORIES
A1: Categorías editables
A2: Deberes
A3: Actitud
A4: Puntualidad
A5: Trabajo en clase
A6: Proyectos
A7: Exámenes
A8: Extra
A9: Penalizaciones

Sheet PANEL_EF
A1: student_id | B1: Alumno | C1: Equipo | D1: Deberes | E1: Actitud | F1: Puntualidad | G1: Trabajo en clase | H1: Proyectos | I1: Exámenes | J1: Extra | K1: Penalizaciones | L1: Motivo
A2: =ROSTER!A2 | B2: =ROSTER!B2 | C2: =ROSTER!C2 | D2: 0 | E2: 0 | F2: 0 | G2: 0 | H2: 0 | I2: 0 | J2: 0 | K2: 0
A3: =ROSTER!A3 | B3: =ROSTER!B3 | C3: =ROSTER!C3 | D3: 0 | E3: 0 | F3: 0 | G3: 0 | H3: 0 | I3: 0 | J3: 0 | K3: 0
A4: =ROSTER!A4 | B4: =ROSTER!B4 | C4: =ROSTER!C4 | D4: 0 | E4: 0 | F4: 0 | G4: 0 | H4: 0 | I4: 0 | J4: 0 | K4: 0
A5: =ROSTER!A5 | B5: =ROSTER!B5 | C5: =ROSTER!C5 | D5: 0 | E5: 0 | F5: 0 | G5: 0 | H5: 0 | I5: 0 | J5: 0 | K5: 0
A6: =ROSTER!A6 | B6: =ROSTER!B6 | C6: =ROSTER!C6 | D6: 0 | E6: 0 | F6: 0 | G6: 0 | H6: 0 | I6: 0 | J6: 0 | K6: 0
A7: =ROSTER!A7 | B7: =ROSTER!B7 | C7: =ROSTER!C7 | D7: 0 | E7: 0 | F7: 0 | G7: 0 | H7: 0 | I7: 0 | J7: 0 | K7: 0
A8: =ROSTER!A8 | B8: =ROSTER!B8 | C8: =ROSTER!C8 | D8: 0 | E8: 0 | F8: 0 | G8: 0 | H8: 0 | I8: 0 | J8: 0 | K8: 0
A9: =ROSTER!A9 | B9: =ROSTER!B9 | C9: =ROSTER!C9 | D9: 0 | E9: 0 | F9: 0 | G9: 0 | H9: 0 | I9: 0 | J9: 0 | K9: 0
A10: =ROSTER!A10 | B10: =ROSTER!B10 | C10: =ROSTER!C10 | D10: 0 | E10: 0 | F10: 0 | G10: 0 | H10: 0 | I10: 0 | J10: 0 | K10: 0
A11: =ROSTER!A11 | B11: =ROSTER!B11 | C11: =ROSTER!C11 | D11: 0 | E11: 0 | F11: 0 | G11: 0 | H11: 0 | I11: 0 | J11: 0 | K11: 0
A12: =ROSTER!A12 | B12: =ROSTER!B12 | C12: =ROSTER!C12 | D12: 0 | E12: 0 | F12: 0 | G12: 0 | H12: 0 | I12: 0 | J12: 0 | K12: 0
A13: =ROSTER!A13 | B13: =ROSTER!B13 | C13: =ROSTER!C13 | D13: 0 | E13: 0 | F13: 0 | G13: 0 | H13: 0 | I13: 0 | J13: 0 | K13: 0
... A101: =ROSTER!A101 | B101: =ROSTER!B101 | C101: =ROSTER!C101 | D101: 0 | E101: 0 | F101: 0 | G101: 0 | H101: 0 | I101: 0 | J101: 0 | K101: 0

Sheet PANEL_LENGUA
A1: student_id | B1: Alumno | C1: Equipo | D1: Deberes | E1: Actitud | F1: Puntualidad | G1: Trabajo en clase | H1: Proyectos | I1: Exámenes | J1: Extra | K1: Penalizaciones | L1: Motivo
A2: =ROSTER!A2 | B2: =ROSTER!B2 | C2: =ROSTER!C2 | D2: 0 | E2: 0 | F2: 0 | G2: 0 | H2: 0 | I2: 0 | J2: 0 | K2: 0
A3: =ROSTER!A3 | B3: =ROSTER!B3 | C3: =ROSTER!C3 | D3: 0 | E3: 0 | F3: 0 | G3: 0 | H3: 0 | I3: 0 | J3: 0 | K3: 0
A4: =ROSTER!A4 | B4: =ROSTER!B4 | C4: =ROSTER!C4 | D4: 0 | E4: 0 | F4: 0 | G4: 0 | H4: 0 | I4: 0 | J4: 0 | K4: 0
A5: =ROSTER!A5 | B5: =ROSTER!B5 | C5: =ROSTER!C5 | D5: 0 | E5: 0 | F5: 0 | G5: 0 | H5: 0 | I5: 0 | J5: 0 | K5: 0
A6: =ROSTER!A6 | B6: =ROSTER!B6 | C6: =ROSTER!C6 | D6: 0 | E6: 0 | F6: 0 | G6: 0 | H6: 0 | I6: 0 | J6: 0 | K6: 0
A7: =ROSTER!A7 | B7: =ROSTER!B7 | C7: =ROSTER!C7 | D7: 0 | E7: 0 | F7: 0 | G7: 0 | H7: 0 | I7: 0 | J7: 0 | K7: 0
A8: =ROSTER!A8 | B8: =ROSTER!B8 | C8: =ROSTER!C8 | D8: 0 | E8: 0 | F8: 0 | G8: 0 | H8: 0 | I8: 0 | J8: 0 | K8: 0
A9: =ROSTER!A9 | B9: =ROSTER!B9 | C9: =ROSTER!C9 | D9: 0 | E9: 0 | F9: 0 | G9: 0 | H9: 0 | I9: 0 | J9: 0 | K9: 0
A10: =ROSTER!A10 | B10: =ROSTER!B10 | C10: =ROSTER!C10 | D10: 0 | E10: 0 | F10: 0 | G10: 0 | H10: 0 | I10: 0 | J10: 0 | K10: 0
A11: =ROSTER!A11 | B11: =ROSTER!B11 | C11: =ROSTER!C11 | D11: 0 | E11: 0 | F11: 0 | G11: 0 | H11: 0 | I11: 0 | J11: 0 | K11: 0
A12: =ROSTER!A12 | B12: =ROSTER!B12 | C12: =ROSTER!C12 | D12: 0 | E12: 0 | F12: 0 | G12: 0 | H12: 0 | I12: 0 | J12: 0 | K12: 0
A13: =ROSTER!A13 | B13: =ROSTER!B13 | C13: =ROSTER!C13 | D13: 0 | E13: 0 | F13: 0 | G13: 0 | H13: 0 | I13: 0 | J13: 0 | K13: 0
... A101: =ROSTER!A101 | B101: =ROSTER!B101 | C101: =ROSTER!C101 | D101: 0 | E101: 0 | F101: 0 | G101: 0 | H101: 0 | I101: 0 | J101: 0 | K101: 0

Sheet PANEL_RELIGION
A1: student_id | B1: Alumno | C1: Equipo | D1: Deberes | E1: Actitud | F1: Puntualidad | G1: Trabajo en clase | H1: Proyectos | I1: Exámenes | J1: Extra | K1: Penalizaciones | L1: Motivo
A2: =ROSTER!A2 | B2: =ROSTER!B2 | C2: =ROSTER!C2 | D2: 0 | E2: 0 | F2: 0 | G2: 0 | H2: 0 | I2: 0 | J2: 0 | K2: 0
A3: =ROSTER!A3 | B3: =ROSTER!B3 | C3: =ROSTER!C3 | D3: 0 | E3: 0 | F3: 0 | G3: 0 | H3: 0 | I3: 0 | J3: 0 | K3: 0
A4: =ROSTER!A4 | B4: =ROSTER!B4 | C4: =ROSTER!C4 | D4: 0 | E4: 0 | F4: 0 | G4: 0 | H4: 0 | I4: 0 | J4: 0 | K4: 0
A5: =ROSTER!A5 | B5: =ROSTER!B5 | C5: =ROSTER!C5 | D5: 0 | E5: 0 | F5: 0 | G5: 0 | H5: 0 | I5: 0 | J5: 0 | K5: 0
A6: =ROSTER!A6 | B6: =ROSTER!B6 | C6: =ROSTER!C6 | D6: 0 | E6: 0 | F6: 0 | G6: 0 | H6: 0 | I6: 0 | J6: 0 | K6: 0
A7: =ROSTER!A7 | B7: =ROSTER!B7 | C7: =ROSTER!C7 | D7: 0 | E7: 0 | F7: 0 | G7: 0 | H7: 0 | I7: 0 | J7: 0 | K7: 0
A8: =ROSTER!A8 | B8: =ROSTER!B8 | C8: =ROSTER!C8 | D8: 0 | E8: 0 | F8: 0 | G8: 0 | H8: 0 | I8: 0 | J8: 0 | K8: 0
A9: =ROSTER!A9 | B9: =ROSTER!B9 | C9: =ROSTER!C9 | D9: 0 | E9: 0 | F9: 0 | G9: 0 | H9: 0 | I9: 0 | J9: 0 | K9: 0
A10: =ROSTER!A10 | B10: =ROSTER!B10 | C10: =ROSTER!C10 | D10: 0 | E10: 0 | F10: 0 | G10: 0 | H10: 0 | I10: 0 | J10: 0 | K10: 0
A11: =ROSTER!A11 | B11: =ROSTER!B11 | C11: =ROSTER!C11 | D11: 0 | E11: 0 | F11: 0 | G11: 0 | H11: 0 | I11: 0 | J11: 0 | K11: 0
A12: =ROSTER!A12 | B12: =ROSTER!B12 | C12: =ROSTER!C12 | D12: 0 | E12: 0 | F12: 0 | G12: 0 | H12: 0 | I12: 0 | J12: 0 | K12: 0
A13: =ROSTER!A13 | B13: =ROSTER!B13 | C13: =ROSTER!C13 | D13: 0 | E13: 0 | F13: 0 | G13: 0 | H13: 0 | I13: 0 | J13: 0 | K13: 0
... A101: =ROSTER!A101 | B101: =ROSTER!B101 | C101: =ROSTER!C101 | D101: 0 | E101: 0 | F101: 0 | G101: 0 | H101: 0 | I101: 0 | J101: 0 | K101: 0

Sheet PANEL_HISTORIA
A1: student_id | B1: Alumno | C1: Equipo | D1: Deberes | E1: Actitud | F1: Puntualidad | G1: Trabajo en clase | H1: Proyectos | I1: Exámenes | J1: Extra | K1: Penalizaciones | L1: Motivo
A2: =ROSTER!A2 | B2: =ROSTER!B2 | C2: =ROSTER!C2 | D2: 0 | E2: 0 | F2: 0 | G2: 0 | H2: 0 | I2: 0 | J2: 0 | K2: 0
A3: =ROSTER!A3 | B3: =ROSTER!B3 | C3: =ROSTER!C3 | D3: 0 | E3: 0 | F3: 0 | G3: 0 | H3: 0 | I3: 0 | J3: 0 | K3: 0
A4: =ROSTER!A4 | B4: =ROSTER!B4 | C4: =ROSTER!C4 | D4: 0 | E4: 0 | F4: 0 | G4: 0 | H4: 0 | I4: 0 | J4: 0 | K4: 0
A5: =ROSTER!A5 | B5: =ROSTER!B5 | C5: =ROSTER!C5 | D5: 0 | E5: 0 | F5: 0 | G5: 0 | H5: 0 | I5: 0 | J5: 0 | K5: 0
A6: =ROSTER!A6 | B6: =ROSTER!B6 | C6: =ROSTER!C6 | D6: 0 | E6: 0 | F6: 0 | G6: 0 | H6: 0 | I6: 0 | J6: 0 | K6: 0
A7: =ROSTER!A7 | B7: =ROSTER!B7 | C7: =ROSTER!C7 | D7: 0 | E7: 0 | F7: 0 | G7: 0 | H7: 0 | I7: 0 | J7: 0 | K7: 0
A8: =ROSTER!A8 | B8: =ROSTER!B8 | C8: =ROSTER!C8 | D8: 0 | E8: 0 | F8: 0 | G8: 0 | H8: 0 | I8: 0 | J8: 0 | K8: 0
A9: =ROSTER!A9 | B9: =ROSTER!B9 | C9: =ROSTER!C9 | D9: 0 | E9: 0 | F9: 0 | G9: 0 | H9: 0 | I9: 0 | J9: 0 | K9: 0
A10: =ROSTER!A10 | B10: =ROSTER!B10 | C10: =ROSTER!C10 | D10: 0 | E10: 0 | F10: 0 | G10: 0 | H10: 0 | I10: 0 | J10: 0 | K10: 0
A11: =ROSTER!A11 | B11: =ROSTER!B11 | C11: =ROSTER!C11 | D11: 0 | E11: 0 | F11: 0 | G11: 0 | H11: 0 | I11: 0 | J11: 0 | K11: 0
A12: =ROSTER!A12 | B12: =ROSTER!B12 | C12: =ROSTER!C12 | D12: 0 | E12: 0 | F12: 0 | G12: 0 | H12: 0 | I12: 0 | J12: 0 | K12: 0
A13: =ROSTER!A13 | B13: =ROSTER!B13 | C13: =ROSTER!C13 | D13: 0 | E13: 0 | F13: 0 | G13: 0 | H13: 0 | I13: 0 | J13: 0 | K13: 0
... A101: =ROSTER!A101 | B101: =ROSTER!B101 | C101: =ROSTER!C101 | D101: 0 | E101: 0 | F101: 0 | G101: 0 | H101: 0 | I101: 0 | J101: 0 | K101: 0

Sheet PANEL_MATEMATICAS
A1: student_id | B1: Alumno | C1: Equipo | D1: Deberes | E1: Actitud | F1: Puntualidad | G1: Trabajo en clase | H1: Proyectos | I1: Exámenes | J1: Extra | K1: Penalizaciones | L1: Motivo
A2: =ROSTER!A2 | B2: =ROSTER!B2 | C2: =ROSTER!C2 | D2: 0 | E2: 0 | F2: 0 | G2: 0 | H2: 0 | I2: 0 | J2: 0 | K2: 0
A3: =ROSTER!A3 | B3: =ROSTER!B3 | C3: =ROSTER!C3 | D3: 0 | E3: 0 | F3: 0 | G3: 0 | H3: 0 | I3: 0 | J3: 0 | K3: 0
A4: =ROSTER!A4 | B4: =ROSTER!B4 | C4: =ROSTER!C4 | D4: 0 | E4: 0 | F4: 0 | G4: 0 | H4: 0 | I4: 0 | J4: 0 | K4: 0
A5: =ROSTER!A5 | B5: =ROSTER!B5 | C5: =ROSTER!C5 | D5: 0 | E5: 0 | F5: 0 | G5: 0 | H5: 0 | I5: 0 | J5: 0 | K5: 0
A6: =ROSTER!A6 | B6: =ROSTER!B6 | C6: =ROSTER!C6 | D6: 0 | E6: 0 | F6: 0 | G6: 0 | H6: 0 | I6: 0 | J6: 0 | K6: 0
A7: =ROSTER!A7 | B7: =ROSTER!B7 | C7: =ROSTER!C7 | D7: 0 | E7: 0 | F7: 0 | G7: 0 | H7: 0 | I7: 0 | J7: 0 | K7: 0
A8: =ROSTER!A8 | B8: =ROSTER!B8 | C8: =ROSTER!C8 | D8: 0 | E8: 0 | F8: 0 | G8: 0 | H8: 0 | I8: 0 | J8: 0 | K8: 0
A9: =ROSTER!A9 | B9: =ROSTER!B9 | C9: =ROSTER!C9 | D9: 0 | E9: 0 | F9: 0 | G9: 0 | H9: 0 | I9: 0 | J9: 0 | K9: 0
A10: =ROSTER!A10 | B10: =ROSTER!B10 | C10: =ROSTER!C10 | D10: 0 | E10: 0 | F10: 0 | G10: 0 | H10: 0 | I10: 0 | J10: 0 | K10: 0
A11: =ROSTER!A11 | B11: =ROSTER!B11 | C11: =ROSTER!C11 | D11: 0 | E11: 0 | F11: 0 | G11: 0 | H11: 0 | I11: 0 | J11: 0 | K11: 0
A12: =ROSTER!A12 | B12: =ROSTER!B12 | C12: =ROSTER!C12 | D12: 0 | E12: 0 | F12: 0 | G12: 0 | H12: 0 | I12: 0 | J12: 0 | K12: 0
A13: =ROSTER!A13 | B13: =ROSTER!B13 | C13: =ROSTER!C13 | D13: 0 | E13: 0 | F13: 0 | G13: 0 | H13: 0 | I13: 0 | J13: 0 | K13: 0
... A101: =ROSTER!A101 | B101: =ROSTER!B101 | C101: =ROSTER!C101 | D101: 0 | E101: 0 | F101: 0 | G101: 0 | H101: 0 | I101: 0 | J101: 0 | K101: 0

Sheet TOTALS_STUDENT
A1: student_id | B1: Alumno | C1: Equipo | D1: Deberes | E1: Actitud | F1: Puntualidad | G1: Trabajo en clase | H1: Proyectos | I1: Exámenes | J1: Extra | K1: Penalizaciones | L1: TOTAL
A2: =ROSTER!A2 | B2: =ROSTER!B2 | C2: =ROSTER!C2 | D2: =PANEL_EF!D2+PANEL_LENGUA!D2+PANEL_RELIGION!D2+PANEL_HISTORIA!D2+PANEL_MATEMATICAS!D2 | E2: =PANEL_EF!E2+PANEL_LENGUA!E2+PANEL_RELIGION!E2+PANEL_HISTORIA!E2+PANEL_MATEMATICAS!E2 | F2: =PANEL_EF!F2+PANEL_LENGUA!F2+PANEL_RELIGION!F2+PANEL_HISTORIA!F2+PANEL_MATEMATICAS!F2 | G2: =PANEL_EF!G2+PANEL_LENGUA!G2+PANEL_RELIGION!G2+PANEL_HISTORIA!G2+PANEL_MATEMATICAS!G2 | H2: =PANEL_EF!H2+PANEL_LENGUA!H2+PANEL_RELIGION!H2+PANEL_HISTORIA!H2+PANEL_MATEMATICAS!H2 | I2: =PANEL_EF!I2+PANEL_LENGUA!I2+PANEL_RELIGION!I2+PANEL_HISTORIA!I2+PANEL_MATEMATICAS!I2 | J2: =PANEL_EF!J2+PANEL_LENGUA!J2+PANEL_RELIGION!J2+PANEL_HISTORIA!J2+PANEL_MATEMATICAS!J2 | K2: =PANEL_EF!K2+PANEL_LENGUA!K2+PANEL_RELIGION!K2+PANEL_HISTORIA!K2+PANEL_MATEMATICAS!K2 | L2: =D2+E2+F2+G2+H2+I2+J2+K2
A3: =ROSTER!A3 | B3: =ROSTER!B3 | C3: =ROSTER!C3 | D3: =PANEL_EF!D3+PANEL_LENGUA!D3+PANEL_RELIGION!D3+PANEL_HISTORIA!D3+PANEL_MATEMATICAS!D3 | E3: =PANEL_EF!E3+PANEL_LENGUA!E3+PANEL_RELIGION!E3+PANEL_HISTORIA!E3+PANEL_MATEMATICAS!E3 | F3: =PANEL_EF!F3+PANEL_LENGUA!F3+PANEL_RELIGION!F3+PANEL_HISTORIA!F3+PANEL_MATEMATICAS!F3 | G3: =PANEL_EF!G3+PANEL_LENGUA!G3+PANEL_RELIGION!G3+PANEL_HISTORIA!G3+PANEL_MATEMATICAS!G3 | H3: =PANEL_EF!H3+PANEL_LENGUA!H3+PANEL_RELIGION!H3+PANEL_HISTORIA!H3+PANEL_MATEMATICAS!H3 | I3: =PANEL_EF!I3+PANEL_LENGUA!I3+PANEL_RELIGION!I3+PANEL_HISTORIA!I3+PANEL_MATEMATICAS!I3 | J3: =PANEL_EF!J3+PANEL_LENGUA!J3+PANEL_RELIGION!J3+PANEL_HISTORIA!J3+PANEL_MATEMATICAS!J3 | K3: =PANEL_EF!K3+PANEL_LENGUA!K3+PANEL_RELIGION!K3+PANEL_HISTORIA!K3+PANEL_MATEMATICAS!K3 | L3: =D3+E3+F3+G3+H3+I3+J3+K3
A4: =ROSTER!A4 | B4: =ROSTER!B4 | C4: =ROSTER!C4 | D4: =PANEL_EF!D4+PANEL_LENGUA!D4+PANEL_RELIGION!D4+PANEL_HISTORIA!D4+PANEL_MATEMATICAS!D4 | E4: =PANEL_EF!E4+PANEL_LENGUA!E4+PANEL_RELIGION!E4+PANEL_HISTORIA!E4+PANEL_MATEMATICAS!E4 | F4: =PANEL_EF!F4+PANEL_LENGUA!F4+PANEL_RELIGION!F4+PANEL_HISTORIA!F4+PANEL_MATEMATICAS!F4 | G4: =PANEL_EF!G4+PANEL_LENGUA!G4+PANEL_RELIGION!G4+PANEL_HISTORIA!G4+PANEL_MATEMATICAS!G4 | H4: =PANEL_EF!H4+PANEL_LENGUA!H4+PANEL_RELIGION!H4+PANEL_HISTORIA!H4+PANEL_MATEMATICAS!H4 | I4: =PANEL_EF!I4+PANEL_LENGUA!I4+PANEL_RELIGION!I4+PANEL_HISTORIA!I4+PANEL_MATEMATICAS!I4 | J4: =PANEL_EF!J4+PANEL_LENGUA!J4+PANEL_RELIGION!J4+PANEL_HISTORIA!J4+PANEL_MATEMATICAS!J4 | K4: =PANEL_EF!K4+PANEL_LENGUA!K4+PANEL_RELIGION!K4+PANEL_HISTORIA!K4+PANEL_MATEMATICAS!K4 | L4: =D4+E4+F4+G4+H4+I4+J4+K4
A5: =ROSTER!A5 | B5: =ROSTER!B5 | C5: =ROSTER!C5 | D5: =PANEL_EF!D5+PANEL_LENGUA!D5+PANEL_RELIGION!D5+PANEL_HISTORIA!D5+PANEL_MATEMATICAS!D5 | E5: =PANEL_EF!E5+PANEL_LENGUA!E5+PANEL_RELIGION!E5+PANEL_HISTORIA!E5+PANEL_MATEMATICAS!E5 | F5: =PANEL_EF!F5+PANEL_LENGUA!F5+PANEL_RELIGION!F5+PANEL_HISTORIA!F5+PANEL_MATEMATICAS!F5 | G5: =PANEL_EF!G5+PANEL_LENGUA!G5+PANEL_RELIGION!G5+PANEL_HISTORIA!G5+PANEL_MATEMATICAS!G5 | H5: =PANEL_EF!H5+PANEL_LENGUA!H5+PANEL_RELIGION!H5+PANEL_HISTORIA!H5+PANEL_MATEMATICAS!H5 | I5: =PANEL_EF!I5+PANEL_LENGUA!I5+PANEL_RELIGION!I5+PANEL_HISTORIA!I5+PANEL_MATEMATICAS!I5 | J5: =PANEL_EF!J5+PANEL_LENGUA!J5+PANEL_RELIGION!J5+PANEL_HISTORIA!J5+PANEL_MATEMATICAS!J5 | K5: =PANEL_EF!K5+PANEL_LENGUA!K5+PANEL_RELIGION!K5+PANEL_HISTORIA!K5+PANEL_MATEMATICAS!K5 | L5: =D5+E5+F5+G5+H5+I5+J5+K5
A6: =ROSTER!A6 | B6: =ROSTER!B6 | C6: =ROSTER!C6 | D6: =PANEL_EF!D6+PANEL_LENGUA!D6+PANEL_RELIGION!D6+PANEL_HISTORIA!D6+PANEL_MATEMATICAS!D6 | E6: =PANEL_EF!E6+PANEL_LENGUA!E6+PANEL_RELIGION!E6+PANEL_HISTORIA!E6+PANEL_MATEMATICAS!E6 | F6: =PANEL_EF!F6+PANEL_LENGUA!F6+PANEL_RELIGION!F6+PANEL_HISTORIA!F6+PANEL_MATEMATICAS!F6 | G6: =PANEL_EF!G6+PANEL_LENGUA!G6+PANEL_RELIGION!G6+PANEL_HISTORIA!G6+PANEL_MATEMATICAS!G6 | H6: =PANEL_EF!H6+PANEL_LENGUA!H6+PANEL_RELIGION!H6+PANEL_HISTORIA!H6+PANEL_MATEMATICAS!H6 | I6: =PANEL_EF!I6+PANEL_LENGUA!I6+PANEL_RELIGION!I6+PANEL_HISTORIA!I6+PANEL_MATEMATICAS!I6 | J6: =PANEL_EF!J6+PANEL_LENGUA!J6+PANEL_RELIGION!J6+PANEL_HISTORIA!J6+PANEL_MATEMATICAS!J6 | K6: =PANEL_EF!K6+PANEL_LENGUA!K6+PANEL_RELIGION!K6+PANEL_HISTORIA!K6+PANEL_MATEMATICAS!K6 | L6: =D6+E6+F6+G6+H6+I6+J6+K6
A7: =ROSTER!A7 | B7: =ROSTER!B7 | C7: =ROSTER!C7 | D7: =PANEL_EF!D7+PANEL_LENGUA!D7+PANEL_RELIGION!D7+PANEL_HISTORIA!D7+PANEL_MATEMATICAS!D7 | E7: =PANEL_EF!E7+PANEL_LENGUA!E7+PANEL_RELIGION!E7+PANEL_HISTORIA!E7+PANEL_MATEMATICAS!E7 | F7: =PANEL_EF!F7+PANEL_LENGUA!F7+PANEL_RELIGION!F7+PANEL_HISTORIA!F7+PANEL_MATEMATICAS!F7 | G7: =PANEL_EF!G7+PANEL_LENGUA!G7+PANEL_RELIGION!G7+PANEL_HISTORIA!G7+PANEL_MATEMATICAS!G7 | H7: =PANEL_EF!H7+PANEL_LENGUA!H7+PANEL_RELIGION!H7+PANEL_HISTORIA!H7+PANEL_MATEMATICAS!H7 | I7: =PANEL_EF!I7+PANEL_LENGUA!I7+PANEL_RELIGION!I7+PANEL_HISTORIA!I7+PANEL_MATEMATICAS!I7 | J7: =PANEL_EF!J7+PANEL_LENGUA!J7+PANEL_RELIGION!J7+PANEL_HISTORIA!J7+PANEL_MATEMATICAS!J7 | K7: =PANEL_EF!K7+PANEL_LENGUA!K7+PANEL_RELIGION!K7+PANEL_HISTORIA!K7+PANEL_MATEMATICAS!K7 | L7: =D7+E7+F7+G7+H7+I7+J7+K7
A8: =ROSTER!A8 | B8: =ROSTER!B8 | C8: =ROSTER!C8 | D8: =PANEL_EF!D8+PANEL_LENGUA!D8+PANEL_RELIGION!D8+PANEL_HISTORIA!D8+PANEL_MATEMATICAS!D8 | E8: =PANEL_EF!E8+PANEL_LENGUA!E8+PANEL_RELIGION!E8+PANEL_HISTORIA!E8+PANEL_MATEMATICAS!E8 | F8: =PANEL_EF!F8+PANEL_LENGUA!F8+PANEL_RELIGION!F8+PANEL_HISTORIA!F8+PANEL_MATEMATICAS!F8 | G8: =PANEL_EF!G8+PANEL_LENGUA!G8+PANEL_RELIGION!G8+PANEL_HISTORIA!G8+PANEL_MATEMATICAS!G8 | H8: =PANEL_EF!H8+PANEL_LENGUA!H8+PANEL_RELIGION!H8+PANEL_HISTORIA!H8+PANEL_MATEMATICAS!H8 | I8: =PANEL_EF!I8+PANEL_LENGUA!I8+PANEL_RELIGION!I8+PANEL_HISTORIA!I8+PANEL_MATEMATICAS!I8 | J8: =PANEL_EF!J8+PANEL_LENGUA!J8+PANEL_RELIGION!J8+PANEL_HISTORIA!J8+PANEL_MATEMATICAS!J8 | K8: =PANEL_EF!K8+PANEL_LENGUA!K8+PANEL_RELIGION!K8+PANEL_HISTORIA!K8+PANEL_MATEMATICAS!K8 | L8: =D8+E8+F8+G8+H8+I8+J8+K8
A9: =ROSTER!A9 | B9: =ROSTER!B9 | C9: =ROSTER!C9 | D9: =PANEL_EF!D9+PANEL_LENGUA!D9+PANEL_RELIGION!D9+PANEL_HISTORIA!D9+PANEL_MATEMATICAS!D9 | E9: =PANEL_EF!E9+PANEL_LENGUA!E9+PANEL_RELIGION!E9+PANEL_HISTORIA!E9+PANEL_MATEMATICAS!E9 | F9: =PANEL_EF!F9+PANEL_LENGUA!F9+PANEL_RELIGION!F9+PANEL_HISTORIA!F9+PANEL_MATEMATICAS!F9 | G9: =PANEL_EF!G9+PANEL_LENGUA!G9+PANEL_RELIGION!G9+PANEL_HISTORIA!G9+PANEL_MATEMATICAS!G9 | H9: =PANEL_EF!H9+PANEL_LENGUA!H9+PANEL_RELIGION!H9+PANEL_HISTORIA!H9+PANEL_MATEMATICAS!H9 | I9: =PANEL_EF!I9+PANEL_LENGUA!I9+PANEL_RELIGION!I9+PANEL_HISTORIA!I9+PANEL_MATEMATICAS!I9 | J9: =PANEL_EF!J9+PANEL_LENGUA!J9+PANEL_RELIGION!J9+PANEL_HISTORIA!J9+PANEL_MATEMATICAS!J9 | K9: =PANEL_EF!K9+PANEL_LENGUA!K9+PANEL_RELIGION!K9+PANEL_HISTORIA!K9+PANEL_MATEMATICAS!K9 | L9: =D9+E9+F9+G9+H9+I9+J9+K9
A10: =ROSTER!A10 | B10: =ROSTER!B10 | C10: =ROSTER!C10 | D10: =PANEL_EF!D10+PANEL_LENGUA!D10+PANEL_RELIGION!D10+PANEL_HISTORIA!D10+PANEL_MATEMATICAS!D10 | E10: =PANEL_EF!E10+PANEL_LENGUA!E10+PANEL_RELIGION!E10+PANEL_HISTORIA!E10+PANEL_MATEMATICAS!E10 | F10: =PANEL_EF!F10+PANEL_LENGUA!F10+PANEL_RELIGION!F10+PANEL_HISTORIA!F10+PANEL_MATEMATICAS!F10 | G10: =PANEL_EF!G10+PANEL_LENGUA!G10+PANEL_RELIGION!G10+PANEL_HISTORIA!G10+PANEL_MATEMATICAS!G10 | H10: =PANEL_EF!H10+PANEL_LENGUA!H10+PANEL_RELIGION!H10+PANEL_HISTORIA!H10+PANEL_MATEMATICAS!H10 | I10: =PANEL_EF!I10+PANEL_LENGUA!I10+PANEL_RELIGION!I10+PANEL_HISTORIA!I10+PANEL_MATEMATICAS!I10 | J10: =PANEL_EF!J10+PANEL_LENGUA!J10+PANEL_RELIGION!J10+PANEL_HISTORIA!J10+PANEL_MATEMATICAS!J10 | K10: =PANEL_EF!K10+PANEL_LENGUA!K10+PANEL_RELIGION!K10+PANEL_HISTORIA!K10+PANEL_MATEMATICAS!K10 | L10: =D10+E10+F10+G10+H10+I10+J10+K10
A11: =ROSTER!A11 | B11: =ROSTER!B11 | C11: =ROSTER!C11 | D11: =PANEL_EF!D11+PANEL_LENGUA!D11+PANEL_RELIGION!D11+PANEL_HISTORIA!D11+PANEL_MATEMATICAS!D11 | E11: =PANEL_EF!E11+PANEL_LENGUA!E11+PANEL_RELIGION!E11+PANEL_HISTORIA!E11+PANEL_MATEMATICAS!E11 | F11: =PANEL_EF!F11+PANEL_LENGUA!F11+PANEL_RELIGION!F11+PANEL_HISTORIA!F11+PANEL_MATEMATICAS!F11 | G11: =PANEL_EF!G11+PANEL_LENGUA!G11+PANEL_RELIGION!G11+PANEL_HISTORIA!G11+PANEL_MATEMATICAS!G11 | H11: =PANEL_EF!H11+PANEL_LENGUA!H11+PANEL_RELIGION!H11+PANEL_HISTORIA!H11+PANEL_MATEMATICAS!H11 | I11: =PANEL_EF!I11+PANEL_LENGUA!I11+PANEL_RELIGION!I11+PANEL_HISTORIA!I11+PANEL_MATEMATICAS!I11 | J11: =PANEL_EF!J11+PANEL_LENGUA!J11+PANEL_RELIGION!J11+PANEL_HISTORIA!J11+PANEL_MATEMATICAS!J11 | K11: =PANEL_EF!K11+PANEL_LENGUA!K11+PANEL_RELIGION!K11+PANEL_HISTORIA!K11+PANEL_MATEMATICAS!K11 | L11: =D11+E11+F11+G11+H11+I11+J11+K11
A12: =ROSTER!A12 | B12: =ROSTER!B12 | C12: =ROSTER!C12 | D12: =PANEL_EF!D12+PANEL_LENGUA!D12+PANEL_RELIGION!D12+PANEL_HISTORIA!D12+PANEL_MATEMATICAS!D12 | E12: =PANEL_EF!E12+PANEL_LENGUA!E12+PANEL_RELIGION!E12+PANEL_HISTORIA!E12+PANEL_MATEMATICAS!E12 | F12: =PANEL_EF!F12+PANEL_LENGUA!F12+PANEL_RELIGION!F12+PANEL_HISTORIA!F12+PANEL_MATEMATICAS!F12 | G12: =PANEL_EF!G12+PANEL_LENGUA!G12+PANEL_RELIGION!G12+PANEL_HISTORIA!G12+PANEL_MATEMATICAS!G12 | H12: =PANEL_EF!H12+PANEL_LENGUA!H12+PANEL_RELIGION!H12+PANEL_HISTORIA!H12+PANEL_MATEMATICAS!H12 | I12: =PANEL_EF!I12+PANEL_LENGUA!I12+PANEL_RELIGION!I12+PANEL_HISTORIA!I12+PANEL_MATEMATICAS!I12 | J12: =PANEL_EF!J12+PANEL_LENGUA!J12+PANEL_RELIGION!J12+PANEL_HISTORIA!J12+PANEL_MATEMATICAS!J12 | K12: =PANEL_EF!K12+PANEL_LENGUA!K12+PANEL_RELIGION!K12+PANEL_HISTORIA!K12+PANEL_MATEMATICAS!K12 | L12: =D12+E12+F12+G12+H12+I12+J12+K12
A13: =ROSTER!A13 | B13: =ROSTER!B13 | C13: =ROSTER!C13 | D13: =PANEL_EF!D13+PANEL_LENGUA!D13+PANEL_RELIGION!D13+PANEL_HISTORIA!D13+PANEL_MATEMATICAS!D13 | E13: =PANEL_EF!E13+PANEL_LENGUA!E13+PANEL_RELIGION!E13+PANEL_HISTORIA!E13+PANEL_MATEMATICAS!E13 | F13: =PANEL_EF!F13+PANEL_LENGUA!F13+PANEL_RELIGION!F13+PANEL_HISTORIA!F13+PANEL_MATEMATICAS!F13 | G13: =PANEL_EF!G13+PANEL_LENGUA!G13+PANEL_RELIGION!G13+PANEL_HISTORIA!G13+PANEL_MATEMATICAS!G13 | H13: =PANEL_EF!H13+PANEL_LENGUA!H13+PANEL_RELIGION!H13+PANEL_HISTORIA!H13+PANEL_MATEMATICAS!H13 | I13: =PANEL_EF!I13+PANEL_LENGUA!I13+PANEL_RELIGION!I13+PANEL_HISTORIA!I13+PANEL_MATEMATICAS!I13 | J13: =PANEL_EF!J13+PANEL_LENGUA!J13+PANEL_RELIGION!J13+PANEL_HISTORIA!J13+PANEL_MATEMATICAS!J13 | K13: =PANEL_EF!K13+PANEL_LENGUA!K13+PANEL_RELIGION!K13+PANEL_HISTORIA!K13+PANEL_MATEMATICAS!K13 | L13: =D13+E13+F13+G13+H13+I13+J13+K13
... A101: =ROSTER!A101 | B101: =ROSTER!B101 | C101: =ROSTER!C101 | D101: =PANEL_EF!D101+PANEL_LENGUA!D101+PANEL_RELIGION!D101+PANEL_HISTORIA!D101+PANEL_MATEMATICAS!D101 | E101: =PANEL_EF!E101+PANEL_LENGUA!E101+PANEL_RELIGION!E101+PANEL_HISTORIA!E101+PANEL_MATEMATICAS!E101 | F101: =PANEL_EF!F101+PANEL_LENGUA!F101+PANEL_RELIGION!F101+PANEL_HISTORIA!F101+PANEL_MATEMATICAS!F101 | G101: =PANEL_EF!G101+PANEL_LENGUA!G101+PANEL_RELIGION!G101+PANEL_HISTORIA!G101+PANEL_MATEMATICAS!G101 | H101: =PANEL_EF!H101+PANEL_LENGUA!H101+PANEL_RELIGION!H101+PANEL_HISTORIA!H101+PANEL_MATEMATICAS!H101 | I101: =PANEL_EF!I101+PANEL_LENGUA!I101+PANEL_RELIGION!I101+PANEL_HISTORIA!I101+PANEL_MATEMATICAS!I101 | J101: =PANEL_EF!J101+PANEL_LENGUA!J101+PANEL_RELIGION!J101+PANEL_HISTORIA!J101+PANEL_MATEMATICAS!J101 | K101: =PANEL_EF!K101+PANEL_LENGUA!K101+PANEL_RELIGION!K101+PANEL_HISTORIA!K101+PANEL_MATEMATICAS!K101 | L101: =D101+E101+F101+G101+H101+I101+J101+K101

Sheet TOTALS_TEAM
A1: Equipo | B1: Deberes | C1: Actitud | D1: Puntualidad | E1: Trabajo en clase | F1: Proyectos | G1: Exámenes | H1: Extra | I1: Penalizaciones | J1: TOTAL
A2: AZ | B2: =SUMIFS(TOTALS_STUDENT!D:D, TOTALS_STUDENT!C:C, "AZ") | C2: =SUMIFS(TOTALS_STUDENT!E:E, TOTALS_STUDENT!C:C, "AZ") | D2: =SUMIFS(TOTALS_STUDENT!F:F, TOTALS_STUDENT!C:C, "AZ") | E2: =SUMIFS(TOTALS_STUDENT!G:G, TOTALS_STUDENT!C:C, "AZ") | F2: =SUMIFS(TOTALS_STUDENT!H:H, TOTALS_STUDENT!C:C, "AZ") | G2: =SUMIFS(TOTALS_STUDENT!I:I, TOTALS_STUDENT!C:C, "AZ") | H2: =SUMIFS(TOTALS_STUDENT!J:J, TOTALS_STUDENT!C:C, "AZ") | I2: =SUMIFS(TOTALS_STUDENT!K:K, TOTALS_STUDENT!C:C, "AZ") | J2: =B2+C2+D2+E2+F2+G2+H2+I2
A3: VE | B3: =SUMIFS(TOTALS_STUDENT!D:D, TOTALS_STUDENT!C:C, "VE") | C3: =SUMIFS(TOTALS_STUDENT!E:E, TOTALS_STUDENT!C:C, "VE") | D3: =SUMIFS(TOTALS_STUDENT!F:F, TOTALS_STUDENT!C:C, "VE") | E3: =SUMIFS(TOTALS_STUDENT!G:G, TOTALS_STUDENT!C:C, "VE") | F3: =SUMIFS(TOTALS_STUDENT!H:H, TOTALS_STUDENT!C:C, "VE") | G3: =SUMIFS(TOTALS_STUDENT!I:I, TOTALS_STUDENT!C:C, "VE") | H3: =SUMIFS(TOTALS_STUDENT!J:J, TOTALS_STUDENT!C:C, "VE") | I3: =SUMIFS(TOTALS_STUDENT!K:K, TOTALS_STUDENT!C:C, "VE") | J3: =B3+C3+D3+E3+F3+G3+H3+I3
A4: RO | B4: =SUMIFS(TOTALS_STUDENT!D:D, TOTALS_STUDENT!C:C, "RO") | C4: =SUMIFS(TOTALS_STUDENT!E:E, TOTALS_STUDENT!C:C, "RO") | D4: =SUMIFS(TOTALS_STUDENT!F:F, TOTALS_STUDENT!C:C, "RO") | E4: =SUMIFS(TOTALS_STUDENT!G:G, TOTALS_STUDENT!C:C, "RO") | F4: =SUMIFS(TOTALS_STUDENT!H:H, TOTALS_STUDENT!C:C, "RO") | G4: =SUMIFS(TOTALS_STUDENT!I:I, TOTALS_STUDENT!C:C, "RO") | H4: =SUMIFS(TOTALS_STUDENT!J:J, TOTALS_STUDENT!C:C, "RO") | I4: =SUMIFS(TOTALS_STUDENT!K:K, TOTALS_STUDENT!C:C, "RO") | J4: =B4+C4+D4+E4+F4+G4+H4+I4
A5: AM | B5: =SUMIFS(TOTALS_STUDENT!D:D, TOTALS_STUDENT!C:C, "AM") | C5: =SUMIFS(TOTALS_STUDENT!E:E, TOTALS_STUDENT!C:C, "AM") | D5: =SUMIFS(TOTALS_STUDENT!F:F, TOTALS_STUDENT!C:C, "AM") | E5: =SUMIFS(TOTALS_STUDENT!G:G, TOTALS_STUDENT!C:C, "AM") | F5: =SUMIFS(TOTALS_STUDENT!H:H, TOTALS_STUDENT!C:C, "AM") | G5: =SUMIFS(TOTALS_STUDENT!I:I, TOTALS_STUDENT!C:C, "AM") | H5: =SUMIFS(TOTALS_STUDENT!J:J, TOTALS_STUDENT!C:C, "AM") | I5: =SUMIFS(TOTALS_STUDENT!K:K, TOTALS_STUDENT!C:C, "AM") | J5: =B5+C5+D5+E5+F5+G5+H5+I5
